s{s撬R[h,s撬,bVR[h
13101,c,53394509
13101,c,53394518
13101,c,53394519
13101,c,53394528
13101,c,53394529
13101,c,53394538
13101,c,53394539
13101,c,53394549
13101,c,53394600
13101,c,53394601
13101,c,53394610
13101,c,53394611
13101,c,53394620
13101,c,53394621
13101,c,53394622
13101,c,53394630
13101,c,53394631
13101,c,53394632
13101,c,53394640
13101,c,53394641
13101,c,53394642
13102,,53393671
13102,,53393672
13102,,53393680
13102,,53393681
13102,,53393682
13102,,53393683
13102,,53393690
13102,,53393691
13102,,53393692
13102,,53393693
13102,,53394600
13102,,53394601
13102,,53394602
13102,,53394611
13102,,53394612
13102,,53394613
13102,,53394621
13102,,53394622
13102,,53394623
13102,,53394632
13102,,53394633
13103,`,53393548
13103,`,53393549
13103,`,53393558
13103,`,53393559
13103,`,53393567
13103,`,53393568
13103,`,53393569
13103,`,53393577
13103,`,53393578
13103,`,53393579
13103,`,53393587
13103,`,53393588
13103,`,53393589
13103,`,53393596
13103,`,53393597
13103,`,53393598
13103,`,53393599
13103,`,53393640
13103,`,53393641
13103,`,53393650
13103,`,53393651
13103,`,53393652
13103,`,53393660
13103,`,53393661
13103,`,53393662
13103,`,53393670
13103,`,53393680
13103,`,53393681
13103,`,53393690
13103,`,53393691
13103,`,53394506
13103,`,53394507
13103,`,53394508
13103,`,53394509
13103,`,53394517
13103,`,53394518
13103,`,53394519
13103,`,53394600
13103,`,53394601
13104,Vh,53394507
13104,Vh,53394514
13104,Vh,53394515
13104,Vh,53394516
13104,Vh,53394517
13104,Vh,53394518
13104,Vh,53394524
13104,Vh,53394525
13104,Vh,53394526
13104,Vh,53394527
13104,Vh,53394528
13104,Vh,53394534
13104,Vh,53394535
13104,Vh,53394536
13104,Vh,53394537
13104,Vh,53394538
13104,Vh,53394539
13104,Vh,53394544
13104,Vh,53394545
13104,Vh,53394546
13104,Vh,53394547
13104,Vh,53394548
13104,Vh,53394549
13104,Vh,53394554
13104,Vh,53394555
13104,Vh,53394556
13104,Vh,53394557
13104,Vh,53394558
13104,Vh,53394559
13104,Vh,53394563
13104,Vh,53394564
13104,Vh,53394565
13104,Vh,53394566
13104,Vh,53394574
13105,,53394548
13105,,53394549
13105,,53394557
13105,,53394558
13105,,53394559
13105,,53394567
13105,,53394568
13105,,53394569
13105,,53394577
13105,,53394578
13105,,53394579
13105,,53394589
13105,,53394631
13105,,53394640
13105,,53394641
13105,,53394650
13105,,53394651
13105,,53394660
13105,,53394661
13105,,53394670
13105,,53394671
13105,,53394680
13106,䓌,53394632
13106,䓌,53394633
13106,䓌,53394641
13106,䓌,53394642
13106,䓌,53394643
13106,䓌,53394651
13106,䓌,53394652
13106,䓌,53394653
13106,䓌,53394654
13106,䓌,53394661
13106,䓌,53394662
13106,䓌,53394663
13106,䓌,53394664
13106,䓌,53394670
13106,䓌,53394671
13106,䓌,53394672
13106,䓌,53394673
13106,䓌,53394674
13107,nc,53394623
13107,nc,53394624
13107,nc,53394633
13107,nc,53394634
13107,nc,53394635
13107,nc,53394643
13107,nc,53394644
13107,nc,53394645
13107,nc,53394646
13107,nc,53394647
13107,nc,53394653
13107,nc,53394654
13107,nc,53394655
13107,nc,53394656
13107,nc,53394657
13107,nc,53394664
13107,nc,53394665
13107,nc,53394666
13107,nc,53394667
13107,nc,53394674
13107,nc,53394675
13107,nc,53394676
13107,nc,53394684
13107,nc,53394685
13107,nc,53394686
13107,nc,53394695
13108,],53393622
13108,],53393623
13108,],53393631
13108,],53393632
13108,],53393633
13108,],53393636
13108,],53393637
13108,],53393641
13108,],53393642
13108,],53393643
13108,],53393644
13108,],53393646
13108,],53393647
13108,],53393651
13108,],53393652
13108,],53393653
13108,],53393654
13108,],53393655
13108,],53393656
13108,],53393657
13108,],53393662
13108,],53393663
13108,],53393664
13108,],53393665
13108,],53393666
13108,],53393667
13108,],53393672
13108,],53393673
13108,],53393674
13108,],53393675
13108,],53393676
13108,],53393677
13108,],53393683
13108,],53393684
13108,],53393685
13108,],53393686
13108,],53393687
13108,],53393693
13108,],53393694
13108,],53393695
13108,],53393696
13108,],53393697
13108,],53394603
13108,],53394604
13108,],53394605
13108,],53394606
13108,],53394607
13108,],53394613
13108,],53394614
13108,],53394615
13108,],53394616
13108,],53394617
13108,],53394623
13108,],53394624
13108,],53394625
13108,],53394626
13108,],53394627
13108,],53394634
13108,],53394635
13108,],53394636
13108,],53394637
13108,],53394645
13108,],53394646
13108,],53394647
13109,i,53393508
13109,i,53393509
13109,i,53393517
13109,i,53393518
13109,i,53393519
13109,i,53393525
13109,i,53393526
13109,i,53393527
13109,i,53393528
13109,i,53393529
13109,i,53393535
13109,i,53393536
13109,i,53393537
13109,i,53393538
13109,i,53393539
13109,i,53393545
13109,i,53393546
13109,i,53393547
13109,i,53393548
13109,i,53393549
13109,i,53393555
13109,i,53393556
13109,i,53393557
13109,i,53393558
13109,i,53393559
13109,i,53393567
13109,i,53393568
13109,i,53393600
13109,i,53393601
13109,i,53393610
13109,i,53393611
13109,i,53393620
13109,i,53393621
13109,i,53393630
13109,i,53393631
13109,i,53393640
13109,i,53393641
13109,i,53393650
13109,i,53393651
13110,ڍ,53393523
13110,ڍ,53393524
13110,ڍ,53393525
13110,ڍ,53393533
13110,ڍ,53393534
13110,ڍ,53393535
13110,ڍ,53393543
13110,ڍ,53393544
13110,ڍ,53393545
13110,ڍ,53393546
13110,ڍ,53393552
13110,ڍ,53393553
13110,ڍ,53393554
13110,ڍ,53393555
13110,ڍ,53393556
13110,ڍ,53393557
13110,ڍ,53393564
13110,ڍ,53393565
13110,ڍ,53393566
13110,ڍ,53393567
13110,ڍ,53393574
13110,ڍ,53393575
13110,ڍ,53393576
13110,ڍ,53393577
13110,ڍ,53393584
13110,ڍ,53393585
13110,ڍ,53393593
13110,ڍ,53393594
13110,ڍ,53393595
13111,c,53392545
13111,c,53392546
13111,c,53392547
13111,c,53392555
13111,c,53392556
13111,c,53392557
13111,c,53392558
13111,c,53392559
13111,c,53392565
13111,c,53392566
13111,c,53392567
13111,c,53392568
13111,c,53392569
13111,c,53392574
13111,c,53392575
13111,c,53392576
13111,c,53392577
13111,c,53392578
13111,c,53392579
13111,c,53392583
13111,c,53392584
13111,c,53392585
13111,c,53392586
13111,c,53392587
13111,c,53392588
13111,c,53392589
13111,c,53392593
13111,c,53392594
13111,c,53392595
13111,c,53392596
13111,c,53392597
13111,c,53392598
13111,c,53392599
13111,c,53392623
13111,c,53392624
13111,c,53392633
13111,c,53392634
13111,c,53392635
13111,c,53392641
13111,c,53392642
13111,c,53392643
13111,c,53392644
13111,c,53392645
13111,c,53392646
13111,c,53392650
13111,c,53392651
13111,c,53392652
13111,c,53392653
13111,c,53392654
13111,c,53392655
13111,c,53392656
13111,c,53392660
13111,c,53392661
13111,c,53392662
13111,c,53392663
13111,c,53392670
13111,c,53392671
13111,c,53392672
13111,c,53392673
13111,c,53392680
13111,c,53392681
13111,c,53392682
13111,c,53392683
13111,c,53392690
13111,c,53392691
13111,c,53392692
13111,c,53393502
13111,c,53393503
13111,c,53393504
13111,c,53393505
13111,c,53393506
13111,c,53393507
13111,c,53393508
13111,c,53393509
13111,c,53393512
13111,c,53393513
13111,c,53393514
13111,c,53393515
13111,c,53393516
13111,c,53393517
13111,c,53393518
13111,c,53393524
13111,c,53393525
13111,c,53393526
13111,c,53393527
13111,c,53393534
13111,c,53393535
13111,c,53393600
13111,c,53393601
13111,c,53393602
13111,c,53393610
13111,c,53393611
13111,c,53393612
13112,cJ,53393438
13112,cJ,53393439
13112,cJ,53393447
13112,cJ,53393448
13112,cJ,53393449
13112,cJ,53393457
13112,cJ,53393458
13112,cJ,53393459
13112,cJ,53393466
13112,cJ,53393467
13112,cJ,53393468
13112,cJ,53393469
13112,cJ,53393476
13112,cJ,53393477
13112,cJ,53393478
13112,cJ,53393479
13112,cJ,53393487
13112,cJ,53393488
13112,cJ,53393489
13112,cJ,53393496
13112,cJ,53393497
13112,cJ,53393498
13112,cJ,53393499
13112,cJ,53393502
13112,cJ,53393511
13112,cJ,53393512
13112,cJ,53393513
13112,cJ,53393514
13112,cJ,53393520
13112,cJ,53393521
13112,cJ,53393522
13112,cJ,53393523
13112,cJ,53393524
13112,cJ,53393530
13112,cJ,53393531
13112,cJ,53393532
13112,cJ,53393533
13112,cJ,53393534
13112,cJ,53393540
13112,cJ,53393541
13112,cJ,53393542
13112,cJ,53393543
13112,cJ,53393550
13112,cJ,53393551
13112,cJ,53393552
13112,cJ,53393553
13112,cJ,53393554
13112,cJ,53393560
13112,cJ,53393561
13112,cJ,53393562
13112,cJ,53393563
13112,cJ,53393564
13112,cJ,53393570
13112,cJ,53393571
13112,cJ,53393572
13112,cJ,53393573
13112,cJ,53393574
13112,cJ,53393580
13112,cJ,53393581
13112,cJ,53393582
13112,cJ,53393583
13112,cJ,53393584
13112,cJ,53393590
13112,cJ,53393591
13112,cJ,53393592
13112,cJ,53393593
13112,cJ,53393594
13112,cJ,53394406
13112,cJ,53394407
13112,cJ,53394408
13112,cJ,53394409
13112,cJ,53394416
13112,cJ,53394417
13112,cJ,53394418
13112,cJ,53394419
13112,cJ,53394500
13112,cJ,53394501
13112,cJ,53394502
13112,cJ,53394503
13113,aJ,53393566
13113,aJ,53393567
13113,aJ,53393575
13113,aJ,53393576
13113,aJ,53393577
13113,aJ,53393585
13113,aJ,53393586
13113,aJ,53393587
13113,aJ,53393593
13113,aJ,53393594
13113,aJ,53393595
13113,aJ,53393596
13113,aJ,53393597
13113,aJ,53394502
13113,aJ,53394503
13113,aJ,53394504
13113,aJ,53394505
13113,aJ,53394506
13113,aJ,53394507
13113,aJ,53394512
13113,aJ,53394513
13113,aJ,53394514
13113,aJ,53394515
13113,aJ,53394516
13113,aJ,53394517
13113,aJ,53394523
13113,aJ,53394524
13113,aJ,53394525
13113,aJ,53394526
13113,aJ,53394534
13114,,53394479
13114,,53394512
13114,,53394513
13114,,53394522
13114,,53394523
13114,,53394524
13114,,53394532
13114,,53394533
13114,,53394534
13114,,53394535
13114,,53394542
13114,,53394543
13114,,53394544
13114,,53394545
13114,,53394550
13114,,53394551
13114,,53394552
13114,,53394553
13114,,53394554
13114,,53394555
13114,,53394560
13114,,53394561
13114,,53394562
13114,,53394563
13114,,53394564
13114,,53394570
13114,,53394571
13114,,53394572
13114,,53394573
13114,,53394574
13114,,53394580
13114,,53394583
13115,,53393590
13115,,53393591
13115,,53394408
13115,,53394409
13115,,53394417
13115,,53394418
13115,,53394419
13115,,53394427
13115,,53394428
13115,,53394429
13115,,53394436
13115,,53394437
13115,,53394438
13115,,53394439
13115,,53394447
13115,,53394448
13115,,53394449
13115,,53394456
13115,,53394457
13115,,53394458
13115,,53394459
13115,,53394466
13115,,53394467
13115,,53394468
13115,,53394469
13115,,53394478
13115,,53394479
13115,,53394500
13115,,53394501
13115,,53394502
13115,,53394510
13115,,53394511
13115,,53394512
13115,,53394513
13115,,53394520
13115,,53394521
13115,,53394522
13115,,53394523
13115,,53394530
13115,,53394531
13115,,53394532
13115,,53394533
13115,,53394540
13115,,53394541
13115,,53394542
13115,,53394550
13115,,53394551
13115,,53394552
13115,,53394560
13115,,53394570
13116,L,53394556
13116,L,53394557
13116,L,53394564
13116,L,53394565
13116,L,53394566
13116,L,53394567
13116,L,53394568
13116,L,53394574
13116,L,53394575
13116,L,53394576
13116,L,53394577
13116,L,53394578
13116,L,53394579
13116,L,53394584
13116,L,53394585
13116,L,53394586
13116,L,53394587
13116,L,53394588
13116,L,53394589
13116,L,53394595
13116,L,53394596
13116,L,53394597
13116,L,53394598
13116,L,53394599
13116,L,53394680
13117,k,53394587
13117,k,53394588
13117,k,53394589
13117,k,53394597
13117,k,53394598
13117,k,53394599
13117,k,53394670
13117,k,53394680
13117,k,53394681
13117,k,53394690
13117,k,53394691
13117,k,53395507
13117,k,53395508
13117,k,53395509
13117,k,53395516
13117,k,53395517
13117,k,53395518
13117,k,53395519
13117,k,53395526
13117,k,53395527
13117,k,53395528
13117,k,53395529
13117,k,53395535
13117,k,53395536
13117,k,53395537
13117,k,53395538
13117,k,53395539
13117,k,53395545
13117,k,53395546
13117,k,53395547
13117,k,53395548
13117,k,53395549
13117,k,53395555
13117,k,53395556
13117,k,53395557
13117,k,53395600
13117,k,53395610
13117,k,53395620
13118,r,53394662
13118,r,53394670
13118,r,53394671
13118,r,53394672
13118,r,53394673
13118,r,53394674
13118,r,53394680
13118,r,53394681
13118,r,53394682
13118,r,53394683
13118,r,53394684
13118,r,53394685
13118,r,53394690
13118,r,53394691
13118,r,53394692
13118,r,53394693
13118,r,53395509
13118,r,53395600
13118,r,53395601
13118,r,53395602
13118,r,53395603
13119,,53394584
13119,,53394585
13119,,53394586
13119,,53394593
13119,,53394594
13119,,53394595
13119,,53394596
13119,,53394597
13119,,53395439
13119,,53395503
13119,,53395504
13119,,53395505
13119,,53395506
13119,,53395507
13119,,53395513
13119,,53395514
13119,,53395515
13119,,53395516
13119,,53395517
13119,,53395520
13119,,53395521
13119,,53395522
13119,,53395523
13119,,53395524
13119,,53395525
13119,,53395526
13119,,53395530
13119,,53395531
13119,,53395532
13119,,53395533
13119,,53395534
13119,,53395535
13119,,53395536
13119,,53395540
13119,,53395541
13119,,53395542
13119,,53395543
13119,,53395544
13119,,53395545
13119,,53395546
13119,,53395551
13119,,53395552
13119,,53395553
13119,,53395554
13119,,53395555
13119,,53395562
13119,,53395563
13119,,53395564
13119,,53395565
13120,n,53394456
13120,n,53394465
13120,n,53394466
13120,n,53394467
13120,n,53394468
13120,n,53394475
13120,n,53394476
13120,n,53394477
13120,n,53394478
13120,n,53394479
13120,n,53394485
13120,n,53394486
13120,n,53394487
13120,n,53394488
13120,n,53394489
13120,n,53394495
13120,n,53394496
13120,n,53394497
13120,n,53394498
13120,n,53394499
13120,n,53394570
13120,n,53394571
13120,n,53394572
13120,n,53394573
13120,n,53394574
13120,n,53394580
13120,n,53394581
13120,n,53394582
13120,n,53394583
13120,n,53394584
13120,n,53394590
13120,n,53394591
13120,n,53394592
13120,n,53394593
13120,n,53394594
13120,n,53395405
13120,n,53395406
13120,n,53395407
13120,n,53395408
13120,n,53395409
13120,n,53395415
13120,n,53395416
13120,n,53395417
13120,n,53395418
13120,n,53395419
13120,n,53395425
13120,n,53395426
13120,n,53395427
13120,n,53395428
13120,n,53395429
13120,n,53395436
13120,n,53395437
13120,n,53395438
13120,n,53395439
13120,n,53395500
13120,n,53395501
13120,n,53395502
13120,n,53395503
13120,n,53395510
13120,n,53395511
13120,n,53395512
13120,n,53395513
13120,n,53395520
13120,n,53395521
13120,n,53395522
13120,n,53395523
13120,n,53395530
13121,,53394683
13121,,53394684
13121,,53394685
13121,,53394693
13121,,53394694
13121,,53394695
13121,,53395509
13121,,53395519
13121,,53395528
13121,,53395529
13121,,53395538
13121,,53395539
13121,,53395549
13121,,53395600
13121,,53395601
13121,,53395602
13121,,53395603
13121,,53395604
13121,,53395605
13121,,53395606
13121,,53395610
13121,,53395611
13121,,53395612
13121,,53395613
13121,,53395614
13121,,53395615
13121,,53395616
13121,,53395617
13121,,53395618
13121,,53395620
13121,,53395621
13121,,53395622
13121,,53395623
13121,,53395624
13121,,53395625
13121,,53395626
13121,,53395627
13121,,53395628
13121,,53395630
13121,,53395631
13121,,53395632
13121,,53395633
13121,,53395634
13121,,53395635
13121,,53395636
13121,,53395637
13121,,53395638
13121,,53395640
13121,,53395641
13121,,53395642
13121,,53395643
13121,,53395644
13121,,53395645
13121,,53395646
13121,,53395647
13121,,53395650
13121,,53395651
13121,,53395652
13121,,53395653
13121,,53395654
13121,,53395655
13121,,53395656
13121,,53395657
13121,,53395660
13121,,53395661
13121,,53395662
13121,,53395663
13121,,53395664
13121,,53395665
13121,,53395666
13121,,53395667
13121,,53395670
13121,,53395671
13121,,53395672
13121,,53395674
13121,,53395675
13121,,53395676
13121,,53395681
13122,,53394657
13122,,53394658
13122,,53394659
13122,,53394666
13122,,53394667
13122,,53394668
13122,,53394669
13122,,53394676
13122,,53394677
13122,,53394678
13122,,53394679
13122,,53394685
13122,,53394686
13122,,53394687
13122,,53394688
13122,,53394689
13122,,53394695
13122,,53394696
13122,,53394697
13122,,53394698
13122,,53394699
13122,,53394780
13122,,53394790
13122,,53395605
13122,,53395606
13122,,53395607
13122,,53395608
13122,,53395609
13122,,53395615
13122,,53395616
13122,,53395617
13122,,53395618
13122,,53395619
13122,,53395627
13122,,53395628
13122,,53395629
13122,,53395637
13122,,53395638
13122,,53395639
13122,,53395647
13122,,53395648
13122,,53395649
13122,,53395657
13122,,53395658
13122,,53395659
13122,,53395700
13122,,53395701
13122,,53395710
13122,,53395720
13122,,53395730
13122,,53395731
13122,,53395740
13122,,53395741
13122,,53395750
13123,]ː,53393668
13123,]ː,53393669
13123,]ː,53393677
13123,]ː,53393678
13123,]ː,53393679
13123,]ː,53393687
13123,]ː,53393688
13123,]ː,53393689
13123,]ː,53393697
13123,]ː,53393698
13123,]ː,53393699
13123,]ː,53393760
13123,]ː,53393770
13123,]ː,53393780
13123,]ː,53393790
13123,]ː,53394607
13123,]ː,53394608
13123,]ː,53394609
13123,]ː,53394617
13123,]ː,53394618
13123,]ː,53394619
13123,]ː,53394627
13123,]ː,53394628
13123,]ː,53394629
13123,]ː,53394637
13123,]ː,53394638
13123,]ː,53394639
13123,]ː,53394646
13123,]ː,53394647
13123,]ː,53394648
13123,]ː,53394649
13123,]ː,53394656
13123,]ː,53394657
13123,]ː,53394658
13123,]ː,53394659
13123,]ː,53394666
13123,]ː,53394667
13123,]ː,53394669
13123,]ː,53394679
13123,]ː,53394689
13123,]ː,53394700
13123,]ː,53394710
13123,]ː,53394711
13123,]ː,53394712
13123,]ː,53394720
13123,]ː,53394721
13123,]ː,53394722
13123,]ː,53394723
13123,]ː,53394730
13123,]ː,53394731
13123,]ː,53394732
13123,]ː,53394733
13123,]ː,53394740
13123,]ː,53394741
13123,]ː,53394742
13123,]ː,53394743
13123,]ː,53394750
13123,]ː,53394751
13123,]ː,53394752
13123,]ː,53394753
13123,]ː,53394760
13123,]ː,53394761
13123,]ː,53394762
13123,]ː,53394770
13123,]ː,53394771
13123,]ː,53394780
13123,]ː,53394781
13123,]ː,53394782
13123,]ː,53394790
13123,]ː,53394791
13123,]ː,53394792
13123,]ː,53395700
13123,]ː,53395701
13199,En,53393603
13199,En,53393604
13199,En,53393605
13199,En,53393606
13199,En,53393613
13199,En,53393614
13199,En,53393615
13199,En,53393616
13199,En,53393623
13199,En,53393624
13199,En,53393625
13199,En,53393626
13199,En,53393634
13199,En,53393635
13201,qs,53393129
13201,qs,53393138
13201,qs,53393139
13201,qs,53393147
13201,qs,53393148
13201,qs,53393149
13201,qs,53393157
13201,qs,53393158
13201,qs,53393159
13201,qs,53393167
13201,qs,53393168
13201,qs,53393169
13201,qs,53393173
13201,qs,53393174
13201,qs,53393175
13201,qs,53393176
13201,qs,53393177
13201,qs,53393178
13201,qs,53393179
13201,qs,53393183
13201,qs,53393184
13201,qs,53393185
13201,qs,53393186
13201,qs,53393187
13201,qs,53393188
13201,qs,53393189
13201,qs,53393193
13201,qs,53393194
13201,qs,53393195
13201,qs,53393196
13201,qs,53393197
13201,qs,53393198
13201,qs,53393199
13201,qs,53393220
13201,qs,53393221
13201,qs,53393227
13201,qs,53393228
13201,qs,53393229
13201,qs,53393230
13201,qs,53393231
13201,qs,53393232
13201,qs,53393233
13201,qs,53393234
13201,qs,53393235
13201,qs,53393236
13201,qs,53393237
13201,qs,53393238
13201,qs,53393239
13201,qs,53393240
13201,qs,53393241
13201,qs,53393242
13201,qs,53393243
13201,qs,53393244
13201,qs,53393245
13201,qs,53393246
13201,qs,53393247
13201,qs,53393248
13201,qs,53393249
13201,qs,53393250
13201,qs,53393251
13201,qs,53393252
13201,qs,53393253
13201,qs,53393254
13201,qs,53393255
13201,qs,53393256
13201,qs,53393257
13201,qs,53393258
13201,qs,53393259
13201,qs,53393260
13201,qs,53393261
13201,qs,53393262
13201,qs,53393263
13201,qs,53393264
13201,qs,53393265
13201,qs,53393266
13201,qs,53393267
13201,qs,53393268
13201,qs,53393269
13201,qs,53393270
13201,qs,53393271
13201,qs,53393272
13201,qs,53393273
13201,qs,53393274
13201,qs,53393275
13201,qs,53393276
13201,qs,53393277
13201,qs,53393278
13201,qs,53393279
13201,qs,53393280
13201,qs,53393281
13201,qs,53393282
13201,qs,53393283
13201,qs,53393284
13201,qs,53393285
13201,qs,53393286
13201,qs,53393287
13201,qs,53393288
13201,qs,53393289
13201,qs,53393290
13201,qs,53393291
13201,qs,53393292
13201,qs,53393293
13201,qs,53393294
13201,qs,53393295
13201,qs,53393296
13201,qs,53393297
13201,qs,53393298
13201,qs,53393299
13201,qs,53393310
13201,qs,53393320
13201,qs,53393321
13201,qs,53393330
13201,qs,53393331
13201,qs,53393332
13201,qs,53393340
13201,qs,53393341
13201,qs,53393342
13201,qs,53393350
13201,qs,53393351
13201,qs,53393352
13201,qs,53393353
13201,qs,53393354
13201,qs,53393360
13201,qs,53393361
13201,qs,53393362
13201,qs,53393363
13201,qs,53393364
13201,qs,53393370
13201,qs,53393372
13201,qs,53393373
13201,qs,53394102
13201,qs,53394103
13201,qs,53394104
13201,qs,53394105
13201,qs,53394106
13201,qs,53394107
13201,qs,53394108
13201,qs,53394109
13201,qs,53394113
13201,qs,53394114
13201,qs,53394115
13201,qs,53394116
13201,qs,53394117
13201,qs,53394118
13201,qs,53394119
13201,qs,53394123
13201,qs,53394124
13201,qs,53394125
13201,qs,53394126
13201,qs,53394127
13201,qs,53394128
13201,qs,53394129
13201,qs,53394136
13201,qs,53394137
13201,qs,53394138
13201,qs,53394139
13201,qs,53394146
13201,qs,53394147
13201,qs,53394148
13201,qs,53394149
13201,qs,53394156
13201,qs,53394157
13201,qs,53394158
13201,qs,53394159
13201,qs,53394167
13201,qs,53394200
13201,qs,53394201
13201,qs,53394202
13201,qs,53394203
13201,qs,53394204
13201,qs,53394205
13201,qs,53394206
13201,qs,53394207
13201,qs,53394208
13201,qs,53394209
13201,qs,53394210
13201,qs,53394211
13201,qs,53394212
13201,qs,53394213
13201,qs,53394214
13201,qs,53394215
13201,qs,53394216
13201,qs,53394217
13201,qs,53394218
13201,qs,53394219
13201,qs,53394220
13201,qs,53394221
13201,qs,53394222
13201,qs,53394223
13201,qs,53394224
13201,qs,53394225
13201,qs,53394226
13201,qs,53394227
13201,qs,53394228
13201,qs,53394229
13201,qs,53394230
13201,qs,53394231
13201,qs,53394232
13201,qs,53394233
13201,qs,53394234
13201,qs,53394235
13201,qs,53394236
13201,qs,53394237
13201,qs,53394238
13201,qs,53394239
13201,qs,53394240
13201,qs,53394241
13201,qs,53394242
13201,qs,53394243
13201,qs,53394244
13201,qs,53394245
13201,qs,53394246
13201,qs,53394250
13201,qs,53394251
13201,qs,53394252
13201,qs,53394253
13201,qs,53394254
13201,qs,53394255
13201,qs,53394256
13201,qs,53394265
13201,qs,53394300
13201,qs,53394310
13201,qs,53394320
13201,qs,53394330
13202,s,53394268
13202,s,53394269
13202,s,53394278
13202,s,53394279
13202,s,53394288
13202,s,53394289
13202,s,53394313
13202,s,53394320
13202,s,53394321
13202,s,53394322
13202,s,53394323
13202,s,53394324
13202,s,53394330
13202,s,53394331
13202,s,53394332
13202,s,53394333
13202,s,53394334
13202,s,53394341
13202,s,53394342
13202,s,53394343
13202,s,53394344
13202,s,53394350
13202,s,53394351
13202,s,53394352
13202,s,53394353
13202,s,53394354
13202,s,53394355
13202,s,53394360
13202,s,53394361
13202,s,53394362
13202,s,53394363
13202,s,53394364
13202,s,53394365
13202,s,53394370
13202,s,53394371
13202,s,53394372
13202,s,53394373
13202,s,53394374
13202,s,53394380
13202,s,53394381
13202,s,53394382
13202,s,53394390
13203,s,53394432
13203,s,53394433
13203,s,53394434
13203,s,53394435
13203,s,53394436
13203,s,53394437
13203,s,53394442
13203,s,53394443
13203,s,53394444
13203,s,53394445
13203,s,53394446
13203,s,53394447
13203,s,53394451
13203,s,53394452
13203,s,53394453
13203,s,53394454
13203,s,53394455
13203,s,53394456
13203,s,53394457
13203,s,53394462
13203,s,53394463
13203,s,53394464
13203,s,53394465
13203,s,53394466
13204,Os,53393492
13204,Os,53393493
13204,Os,53393495
13204,Os,53393496
13204,Os,53394402
13204,Os,53394403
13204,Os,53394405
13204,Os,53394406
13204,Os,53394407
13204,Os,53394412
13204,Os,53394413
13204,Os,53394414
13204,Os,53394415
13204,Os,53394416
13204,Os,53394417
13204,Os,53394421
13204,Os,53394422
13204,Os,53394423
13204,Os,53394424
13204,Os,53394425
13204,Os,53394426
13204,Os,53394427
13204,Os,53394432
13204,Os,53394433
13204,Os,53394434
13204,Os,53394435
13204,Os,53394436
13204,Os,53394437
13204,Os,53394443
13204,Os,53394444
13204,Os,53394445
13204,Os,53394446
13205,~s,53395119
13205,~s,53395120
13205,~s,53395121
13205,~s,53395122
13205,~s,53395126
13205,~s,53395127
13205,~s,53395128
13205,~s,53395129
13205,~s,53395130
13205,~s,53395131
13205,~s,53395132
13205,~s,53395133
13205,~s,53395136
13205,~s,53395137
13205,~s,53395138
13205,~s,53395139
13205,~s,53395141
13205,~s,53395142
13205,~s,53395143
13205,~s,53395144
13205,~s,53395145
13205,~s,53395146
13205,~s,53395147
13205,~s,53395148
13205,~s,53395149
13205,~s,53395151
13205,~s,53395152
13205,~s,53395153
13205,~s,53395154
13205,~s,53395155
13205,~s,53395156
13205,~s,53395157
13205,~s,53395158
13205,~s,53395159
13205,~s,53395162
13205,~s,53395163
13205,~s,53395164
13205,~s,53395165
13205,~s,53395166
13205,~s,53395167
13205,~s,53395168
13205,~s,53395169
13205,~s,53395173
13205,~s,53395174
13205,~s,53395175
13205,~s,53395176
13205,~s,53395177
13205,~s,53395178
13205,~s,53395179
13205,~s,53395184
13205,~s,53395185
13205,~s,53395186
13205,~s,53395187
13205,~s,53395188
13205,~s,53395189
13205,~s,53395194
13205,~s,53395195
13205,~s,53395196
13205,~s,53395197
13205,~s,53395198
13205,~s,53395199
13205,~s,53395203
13205,~s,53395210
13205,~s,53395211
13205,~s,53395212
13205,~s,53395213
13205,~s,53395220
13205,~s,53395221
13205,~s,53395222
13205,~s,53395223
13205,~s,53395230
13205,~s,53395231
13205,~s,53395232
13205,~s,53395233
13205,~s,53395234
13205,~s,53395235
13205,~s,53395240
13205,~s,53395241
13205,~s,53395242
13205,~s,53395243
13205,~s,53395244
13205,~s,53395245
13205,~s,53395246
13205,~s,53395250
13205,~s,53395251
13205,~s,53395252
13205,~s,53395253
13205,~s,53395254
13205,~s,53395255
13205,~s,53395256
13205,~s,53395260
13205,~s,53395261
13205,~s,53395262
13205,~s,53395263
13205,~s,53395264
13205,~s,53395265
13205,~s,53395270
13205,~s,53395271
13205,~s,53395272
13205,~s,53395273
13205,~s,53395274
13205,~s,53395275
13205,~s,53395280
13205,~s,53395281
13205,~s,53395282
13205,~s,53395283
13205,~s,53395284
13205,~s,53395285
13205,~s,53395290
13205,~s,53395291
13205,~s,53395292
13205,~s,53395293
13205,~s,53395294
13205,~s,53395295
13205,~s,53396103
13205,~s,53396104
13205,~s,53396105
13205,~s,53396106
13205,~s,53396107
13205,~s,53396108
13205,~s,53396109
13205,~s,53396112
13205,~s,53396113
13205,~s,53396114
13205,~s,53396115
13205,~s,53396116
13205,~s,53396117
13205,~s,53396123
13205,~s,53396200
13205,~s,53396201
13205,~s,53396202
13205,~s,53396203
13205,~s,53396204
13206,{s,53393377
13206,{s,53393385
13206,{s,53393386
13206,{s,53393387
13206,{s,53393388
13206,{s,53393389
13206,{s,53393394
13206,{s,53393395
13206,{s,53393396
13206,{s,53393397
13206,{s,53393398
13206,{s,53393399
13206,{s,53393470
13206,{s,53393471
13206,{s,53393480
13206,{s,53393481
13206,{s,53393490
13206,{s,53393491
13206,{s,53394304
13206,{s,53394305
13206,{s,53394306
13206,{s,53394307
13206,{s,53394308
13206,{s,53394309
13206,{s,53394316
13206,{s,53394317
13206,{s,53394318
13206,{s,53394319
13206,{s,53394326
13206,{s,53394327
13206,{s,53394328
13206,{s,53394329
13206,{s,53394336
13206,{s,53394337
13206,{s,53394338
13206,{s,53394339
13206,{s,53394400
13206,{s,53394401
13206,{s,53394402
13206,{s,53394410
13206,{s,53394411
13206,{s,53394412
13206,{s,53394420
13206,{s,53394421
13207,s,53394236
13207,s,53394237
13207,s,53394238
13207,s,53394239
13207,s,53394246
13207,s,53394247
13207,s,53394248
13207,s,53394249
13207,s,53394256
13207,s,53394257
13207,s,53394258
13207,s,53394259
13207,s,53394267
13207,s,53394268
13207,s,53394269
13207,s,53394278
13207,s,53394279
13207,s,53394320
13207,s,53394330
13207,s,53394331
13207,s,53394340
13207,s,53394341
13207,s,53394350
13207,s,53394351
13207,s,53394360
13207,s,53394361
13207,s,53394370
13208,zs,53393454
13208,zs,53393462
13208,zs,53393463
13208,zs,53393464
13208,zs,53393465
13208,zs,53393471
13208,zs,53393472
13208,zs,53393473
13208,zs,53393474
13208,zs,53393475
13208,zs,53393476
13208,zs,53393477
13208,zs,53393481
13208,zs,53393482
13208,zs,53393483
13208,zs,53393484
13208,zs,53393485
13208,zs,53393486
13208,zs,53393487
13208,zs,53393491
13208,zs,53393492
13208,zs,53393493
13208,zs,53393494
13208,zs,53393495
13208,zs,53393496
13208,zs,53393497
13208,zs,53394401
13208,zs,53394402
13208,zs,53394403
13208,zs,53394404
13208,zs,53394405
13208,zs,53394406
13208,zs,53394407
13208,zs,53394411
13208,zs,53394412
13208,zs,53394413
13208,zs,53394414
13208,zs,53394415
13208,zs,53394421
13208,zs,53394422
13209,cs,53392307
13209,cs,53392308
13209,cs,53392317
13209,cs,53392318
13209,cs,53392326
13209,cs,53392327
13209,cs,53392328
13209,cs,53392329
13209,cs,53392336
13209,cs,53392337
13209,cs,53392338
13209,cs,53392339
13209,cs,53392345
13209,cs,53392346
13209,cs,53392347
13209,cs,53392348
13209,cs,53392354
13209,cs,53392355
13209,cs,53392356
13209,cs,53392357
13209,cs,53392358
13209,cs,53392363
13209,cs,53392364
13209,cs,53392365
13209,cs,53392366
13209,cs,53392367
13209,cs,53392368
13209,cs,53392373
13209,cs,53392374
13209,cs,53392375
13209,cs,53392376
13209,cs,53392377
13209,cs,53392378
13209,cs,53392379
13209,cs,53392382
13209,cs,53392383
13209,cs,53392384
13209,cs,53392385
13209,cs,53392386
13209,cs,53392387
13209,cs,53392388
13209,cs,53392389
13209,cs,53392391
13209,cs,53392392
13209,cs,53392393
13209,cs,53392394
13209,cs,53392395
13209,cs,53392396
13209,cs,53392397
13209,cs,53392398
13209,cs,53392399
13209,cs,53392480
13209,cs,53392490
13209,cs,53393218
13209,cs,53393219
13209,cs,53393223
13209,cs,53393224
13209,cs,53393225
13209,cs,53393226
13209,cs,53393227
13209,cs,53393228
13209,cs,53393229
13209,cs,53393231
13209,cs,53393232
13209,cs,53393233
13209,cs,53393234
13209,cs,53393235
13209,cs,53393236
13209,cs,53393237
13209,cs,53393238
13209,cs,53393239
13209,cs,53393242
13209,cs,53393243
13209,cs,53393246
13209,cs,53393247
13209,cs,53393300
13209,cs,53393301
13209,cs,53393302
13209,cs,53393303
13209,cs,53393304
13209,cs,53393305
13209,cs,53393306
13209,cs,53393307
13209,cs,53393308
13209,cs,53393309
13209,cs,53393310
13209,cs,53393311
13209,cs,53393312
13209,cs,53393313
13209,cs,53393314
13209,cs,53393315
13209,cs,53393316
13209,cs,53393317
13209,cs,53393318
13209,cs,53393320
13209,cs,53393321
13209,cs,53393322
13209,cs,53393323
13209,cs,53393324
13209,cs,53393325
13209,cs,53393326
13209,cs,53393327
13209,cs,53393331
13209,cs,53393332
13209,cs,53393333
13209,cs,53393334
13209,cs,53393335
13209,cs,53393336
13209,cs,53393337
13210,s,53394329
13210,s,53394339
13210,s,53394348
13210,s,53394349
13210,s,53394358
13210,s,53394359
13210,s,53394420
13210,s,53394421
13210,s,53394422
13210,s,53394430
13210,s,53394431
13210,s,53394432
13210,s,53394440
13210,s,53394441
13210,s,53394442
13210,s,53394450
13210,s,53394451
13210,s,53394452
13210,s,53394460
13210,s,53394461
13210,s,53394462
13211,s,53394349
13211,s,53394357
13211,s,53394358
13211,s,53394359
13211,s,53394364
13211,s,53394365
13211,s,53394366
13211,s,53394367
13211,s,53394368
13211,s,53394369
13211,s,53394373
13211,s,53394374
13211,s,53394375
13211,s,53394376
13211,s,53394377
13211,s,53394378
13211,s,53394379
13211,s,53394384
13211,s,53394385
13211,s,53394386
13211,s,53394387
13211,s,53394388
13211,s,53394389
13211,s,53394396
13211,s,53394397
13211,s,53394398
13211,s,53394399
13211,s,53394450
13211,s,53394460
13211,s,53394461
13211,s,53394470
13211,s,53394471
13211,s,53394480
13211,s,53394481
13211,s,53394490
13212,s,53393279
13212,s,53393288
13212,s,53393289
13212,s,53393298
13212,s,53393299
13212,s,53393360
13212,s,53393361
13212,s,53393362
13212,s,53393370
13212,s,53393371
13212,s,53393372
13212,s,53393373
13212,s,53393374
13212,s,53393375
13212,s,53393380
13212,s,53393381
13212,s,53393382
13212,s,53393383
13212,s,53393384
13212,s,53393385
13212,s,53393390
13212,s,53393391
13212,s,53393392
13212,s,53393393
13212,s,53393394
13212,s,53393395
13212,s,53394209
13212,s,53394300
13212,s,53394301
13212,s,53394302
13212,s,53394303
13212,s,53394304
13212,s,53394310
13212,s,53394311
13212,s,53394312
13212,s,53394313
13212,s,53394314
13212,s,53394320
13212,s,53394321
13212,s,53394322
13212,s,53394323
13212,s,53394330
13213,Rs,53394386
13213,Rs,53394387
13213,Rs,53394388
13213,Rs,53394395
13213,Rs,53394396
13213,Rs,53394397
13213,Rs,53394398
13213,Rs,53394399
13213,Rs,53395305
13213,Rs,53395306
13213,Rs,53395307
13213,Rs,53395308
13213,Rs,53395309
13213,Rs,53395315
13213,Rs,53395316
13213,Rs,53395317
13213,Rs,53395318
13213,Rs,53395319
13213,Rs,53395325
13213,Rs,53395326
13213,Rs,53395327
13213,Rs,53395328
13213,Rs,53395329
13213,Rs,53395337
13213,Rs,53395338
13213,Rs,53395339
13213,Rs,53395410
13213,Rs,53395420
13214,s,53394327
13214,s,53394328
13214,s,53394336
13214,s,53394337
13214,s,53394338
13214,s,53394339
13214,s,53394344
13214,s,53394345
13214,s,53394346
13214,s,53394347
13214,s,53394348
13214,s,53394349
13214,s,53394354
13214,s,53394355
13214,s,53394356
13214,s,53394357
13214,s,53394358
13214,s,53394364
13214,s,53394365
13214,s,53394366
13214,s,53394367
13215,s,53394304
13215,s,53394305
13215,s,53394306
13215,s,53394313
13215,s,53394314
13215,s,53394315
13215,s,53394316
13215,s,53394323
13215,s,53394324
13215,s,53394325
13215,s,53394326
13215,s,53394334
13215,s,53394335
13215,s,53394336
13215,s,53394344
13215,s,53394345
13215,s,53394346
13218,s,53394256
13218,s,53394257
13218,s,53394266
13218,s,53394267
13218,s,53394268
13218,s,53394275
13218,s,53394276
13218,s,53394277
13218,s,53394278
13218,s,53394285
13218,s,53394286
13218,s,53394287
13218,s,53394288
13218,s,53394295
13218,s,53394296
13218,s,53394297
13218,s,53394298
13218,s,53395205
13218,s,53395206
13218,s,53395207
13219,]s,53393445
13219,]s,53393446
13219,]s,53393447
13219,]s,53393454
13219,]s,53393455
13219,]s,53393456
13219,]s,53393457
13219,]s,53393464
13219,]s,53393465
13219,]s,53393466
13219,]s,53393467
13219,]s,53393475
13219,]s,53393476
13219,]s,53393477
13219,]s,53393485
13219,]s,53393486
13220,as,53394373
13220,as,53394374
13220,as,53394382
13220,as,53394383
13220,as,53394384
13220,as,53394385
13220,as,53394386
13220,as,53394392
13220,as,53394393
13220,as,53394394
13220,as,53394395
13220,as,53394396
13220,as,53395302
13220,as,53395303
13220,as,53395304
13220,as,53395305
13220,as,53395311
13220,as,53395312
13220,as,53395313
13220,as,53395314
13220,as,53395315
13220,as,53395321
13220,as,53395322
13220,as,53395323
13220,as,53395324
13220,as,53395325
13221,s,53395319
13221,s,53395329
13221,s,53395339
13221,s,53395410
13221,s,53395411
13221,s,53395420
13221,s,53395421
13221,s,53395422
13221,s,53395430
13221,s,53395431
13221,s,53395432
13221,s,53395433
13221,s,53395440
13221,s,53395441
13221,s,53395442
13221,s,53395443
13221,s,53395451
13221,s,53395452
13221,s,53395453
13221,s,53395462
13221,s,53395463
13222,vĎs,53394398
13222,vĎs,53394399
13222,vĎs,53394470
13222,vĎs,53394480
13222,vĎs,53394481
13222,vĎs,53394482
13222,vĎs,53394490
13222,vĎs,53394491
13222,vĎs,53394492
13222,vĎs,53394493
13222,vĎs,53395309
13222,vĎs,53395319
13222,vĎs,53395400
13222,vĎs,53395401
13222,vĎs,53395402
13222,vĎs,53395403
13222,vĎs,53395410
13222,vĎs,53395411
13222,vĎs,53395412
13222,vĎs,53395413
13222,vĎs,53395421
13222,vĎs,53395422
13222,vĎs,53395423
13223,Rs,53394288
13223,Rs,53394289
13223,Rs,53394298
13223,Rs,53394299
13223,Rs,53394372
13223,Rs,53394373
13223,Rs,53394380
13223,Rs,53394381
13223,Rs,53394382
13223,Rs,53394383
13223,Rs,53394390
13223,Rs,53394391
13223,Rs,53394392
13223,Rs,53395208
13223,Rs,53395209
13223,Rs,53395218
13223,Rs,53395219
13223,Rs,53395229
13223,Rs,53395300
13223,Rs,53395301
13223,Rs,53395302
13223,Rs,53395310
13223,Rs,53395311
13223,Rs,53395312
13223,Rs,53395320
13223,Rs,53395321
13224,s,53393321
13224,s,53393323
13224,s,53393324
13224,s,53393331
13224,s,53393332
13224,s,53393333
13224,s,53393334
13224,s,53393335
13224,s,53393336
13224,s,53393342
13224,s,53393343
13224,s,53393344
13224,s,53393345
13224,s,53393346
13224,s,53393347
13224,s,53393352
13224,s,53393353
13224,s,53393354
13224,s,53393355
13224,s,53393356
13224,s,53393357
13224,s,53393363
13224,s,53393364
13224,s,53393365
13224,s,53393366
13224,s,53393367
13224,s,53393373
13224,s,53393374
13224,s,53393375
13224,s,53393376
13224,s,53393377
13224,s,53393384
13224,s,53393385
13224,s,53393386
13224,s,53393387
13225,s,53393328
13225,s,53393329
13225,s,53393338
13225,s,53393339
13225,s,53393347
13225,s,53393348
13225,s,53393349
13225,s,53393357
13225,s,53393358
13225,s,53393359
13225,s,53393367
13225,s,53393368
13225,s,53393369
13225,s,53393377
13225,s,53393378
13225,s,53393379
13225,s,53393387
13225,s,53393388
13225,s,53393389
13225,s,53393420
13225,s,53393440
13225,s,53393441
13225,s,53393450
13225,s,53393451
13225,s,53393460
13225,s,53393461
13225,s,53393470
13225,s,53393471
13225,s,53393472
13225,s,53393480
13225,s,53393481
13227,Hs,53394294
13227,Hs,53394295
13227,Hs,53394297
13227,Hs,53395203
13227,Hs,53395204
13227,Hs,53395205
13227,Hs,53395206
13227,Hs,53395207
13227,Hs,53395213
13227,Hs,53395214
13227,Hs,53395215
13227,Hs,53395216
13227,Hs,53395223
13227,Hs,53395224
13227,Hs,53395225
13227,Hs,53395226
13227,Hs,53395233
13227,Hs,53395234
13227,Hs,53395235
13228,s,53394123
13228,s,53394124
13228,s,53394125
13228,s,53394126
13228,s,53394133
13228,s,53394134
13228,s,53394135
13228,s,53394136
13228,s,53394143
13228,s,53394144
13228,s,53394145
13228,s,53394146
13228,s,53394153
13228,s,53394154
13228,s,53394155
13228,s,53394156
13228,s,53394157
13228,s,53394158
13228,s,53394159
13228,s,53394163
13228,s,53394164
13228,s,53394165
13228,s,53394166
13228,s,53394167
13228,s,53394168
13228,s,53394169
13228,s,53394173
13228,s,53394174
13228,s,53394175
13228,s,53394176
13228,s,53394177
13228,s,53394178
13228,s,53394179
13228,s,53394183
13228,s,53394184
13228,s,53394185
13228,s,53394186
13228,s,53394187
13228,s,53394188
13228,s,53394189
13228,s,53394192
13228,s,53394193
13228,s,53394194
13228,s,53394195
13228,s,53394196
13228,s,53394197
13228,s,53394250
13228,s,53394251
13228,s,53394252
13228,s,53394253
13228,s,53394254
13228,s,53394255
13228,s,53394256
13228,s,53394260
13228,s,53394261
13228,s,53394262
13228,s,53394263
13228,s,53394264
13228,s,53394265
13228,s,53394266
13228,s,53394270
13228,s,53394271
13228,s,53394272
13228,s,53394273
13228,s,53394274
13228,s,53394275
13228,s,53394276
13228,s,53394280
13228,s,53394282
13228,s,53394283
13228,s,53394284
13228,s,53394285
13228,s,53394292
13228,s,53394293
13228,s,53394294
13228,s,53394295
13228,s,53395101
13228,s,53395102
13228,s,53395103
13228,s,53395104
13228,s,53395105
13228,s,53395106
13228,s,53395107
13228,s,53395111
13228,s,53395112
13228,s,53395113
13228,s,53395114
13228,s,53395115
13228,s,53395120
13228,s,53395121
13228,s,53395122
13228,s,53395123
13228,s,53395124
13228,s,53395131
13228,s,53395132
13228,s,53395133
13228,s,53395200
13228,s,53395201
13228,s,53395202
13228,s,53395203
13228,s,53395204
13228,s,53395210
13228,s,53395211
13228,s,53395212
13228,s,53395213
13229,s,53394452
13229,s,53394453
13229,s,53394461
13229,s,53394462
13229,s,53394463
13229,s,53394464
13229,s,53394465
13229,s,53394471
13229,s,53394472
13229,s,53394473
13229,s,53394474
13229,s,53394475
13229,s,53394481
13229,s,53394482
13229,s,53394483
13229,s,53394484
13229,s,53394485
13229,s,53394492
13229,s,53394493
13229,s,53394494
13229,s,53394495
13229,s,53395403
13229,s,53395404
13229,s,53395405
13229,s,53395414
13229,s,53395415
13303,S䒬,53394288
13303,S䒬,53394297
13303,S䒬,53394298
13303,S䒬,53395206
13303,S䒬,53395207
13303,S䒬,53395208
13303,S䒬,53395216
13303,S䒬,53395217
13303,S䒬,53395218
13303,S䒬,53395219
13303,S䒬,53395225
13303,S䒬,53395226
13303,S䒬,53395227
13303,S䒬,53395228
13303,S䒬,53395229
13303,S䒬,53395235
13303,S䒬,53395236
13303,S䒬,53395237
13303,S䒬,53395238
13303,S䒬,53395239
13303,S䒬,53395245
13303,S䒬,53395246
13303,S䒬,53395247
13303,S䒬,53395248
13303,S䒬,53395249
13303,S䒬,53395256
13303,S䒬,53395257
13303,S䒬,53395258
13303,S䒬,53395259
13303,S䒬,53395320
13303,S䒬,53395330
13305,S̏o,53394187
13305,S̏o,53394188
13305,S̏o,53394189
13305,S̏o,53394196
13305,S̏o,53394197
13305,S̏o,53394198
13305,S̏o,53394199
13305,S̏o,53394270
13305,S̏o,53394271
13305,S̏o,53394272
13305,S̏o,53394280
13305,S̏o,53394281
13305,S̏o,53394282
13305,S̏o,53394290
13305,S̏o,53394291
13305,S̏o,53394292
13305,S̏o,53395105
13305,S̏o,53395106
13305,S̏o,53395107
13305,S̏o,53395108
13305,S̏o,53395109
13305,S̏o,53395114
13305,S̏o,53395115
13305,S̏o,53395116
13305,S̏o,53395117
13305,S̏o,53395118
13305,S̏o,53395119
13305,S̏o,53395123
13305,S̏o,53395124
13305,S̏o,53395125
13305,S̏o,53395126
13305,S̏o,53395127
13305,S̏o,53395128
13305,S̏o,53395129
13305,S̏o,53395133
13305,S̏o,53395134
13305,S̏o,53395135
13305,S̏o,53395136
13305,S̏o,53395143
13305,S̏o,53395144
13305,S̏o,53395145
13305,S̏o,53395146
13305,S̏o,53395200
13305,S̏o,53395201
13305,S̏o,53395202
13305,S̏o,53395210
13307,Sw,53393192
13307,Sw,53394019
13307,Sw,53394027
13307,Sw,53394028
13307,Sw,53394029
13307,Sw,53394035
13307,Sw,53394036
13307,Sw,53394037
13307,Sw,53394038
13307,Sw,53394039
13307,Sw,53394043
13307,Sw,53394044
13307,Sw,53394045
13307,Sw,53394046
13307,Sw,53394047
13307,Sw,53394048
13307,Sw,53394049
13307,Sw,53394052
13307,Sw,53394053
13307,Sw,53394054
13307,Sw,53394055
13307,Sw,53394056
13307,Sw,53394057
13307,Sw,53394058
13307,Sw,53394059
13307,Sw,53394061
13307,Sw,53394062
13307,Sw,53394063
13307,Sw,53394064
13307,Sw,53394065
13307,Sw,53394066
13307,Sw,53394067
13307,Sw,53394068
13307,Sw,53394069
13307,Sw,53394071
13307,Sw,53394072
13307,Sw,53394073
13307,Sw,53394074
13307,Sw,53394075
13307,Sw,53394076
13307,Sw,53394077
13307,Sw,53394078
13307,Sw,53394079
13307,Sw,53394080
13307,Sw,53394081
13307,Sw,53394082
13307,Sw,53394083
13307,Sw,53394084
13307,Sw,53394085
13307,Sw,53394086
13307,Sw,53394087
13307,Sw,53394088
13307,Sw,53394089
13307,Sw,53394092
13307,Sw,53394093
13307,Sw,53394094
13307,Sw,53394095
13307,Sw,53394096
13307,Sw,53394097
13307,Sw,53394098
13307,Sw,53394099
13307,Sw,53394100
13307,Sw,53394101
13307,Sw,53394102
13307,Sw,53394103
13307,Sw,53394110
13307,Sw,53394111
13307,Sw,53394112
13307,Sw,53394113
13307,Sw,53394120
13307,Sw,53394121
13307,Sw,53394122
13307,Sw,53394123
13307,Sw,53394130
13307,Sw,53394131
13307,Sw,53394132
13307,Sw,53394133
13307,Sw,53394140
13307,Sw,53394141
13307,Sw,53394142
13307,Sw,53394143
13307,Sw,53394150
13307,Sw,53394151
13307,Sw,53394152
13307,Sw,53394153
13307,Sw,53394160
13307,Sw,53394161
13307,Sw,53394162
13307,Sw,53394163
13307,Sw,53394170
13307,Sw,53394171
13307,Sw,53394172
13307,Sw,53394173
13307,Sw,53394180
13307,Sw,53394181
13307,Sw,53394182
13307,Sw,53394183
13307,Sw,53394190
13307,Sw,53394191
13307,Sw,53394192
13307,Sw,53394193
13307,Sw,53395003
13307,Sw,53395004
13307,Sw,53395005
13307,Sw,53395006
13307,Sw,53395007
13307,Sw,53395008
13307,Sw,53395009
13307,Sw,53395013
13307,Sw,53395014
13307,Sw,53395015
13307,Sw,53395016
13307,Sw,53395017
13307,Sw,53395018
13307,Sw,53395019
13307,Sw,53395025
13307,Sw,53395026
13307,Sw,53395027
13307,Sw,53395028
13307,Sw,53395029
13307,Sw,53395037
13307,Sw,53395038
13307,Sw,53395100
13307,Sw,53395101
13307,Sw,53395102
13307,Sw,53395110
13307,Sw,53395111
13307,Sw,53395120
13307,Sw,53395121
13308,S,53385709
13308,S,53385718
13308,S,53385719
13308,S,53385728
13308,S,53385729
13308,S,53385738
13308,S,53385739
13308,S,53385748
13308,S,53385749
13308,S,53385757
13308,S,53385758
13308,S,53385759
13308,S,53385767
13308,S,53385768
13308,S,53385769
13308,S,53385777
13308,S,53385778
13308,S,53385779
13308,S,53385787
13308,S,53385788
13308,S,53385789
13308,S,53385796
13308,S,53385797
13308,S,53385798
13308,S,53385799
13308,S,53386705
13308,S,53386706
13308,S,53386707
13308,S,53386708
13308,S,53386709
13308,S,53386715
13308,S,53386716
13308,S,53386717
13308,S,53386718
13308,S,53386719
13308,S,53386725
13308,S,53386726
13308,S,53386727
13308,S,53386728
13308,S,53386729
13308,S,53386735
13308,S,53386736
13308,S,53386737
13308,S,53386738
13308,S,53386739
13308,S,53386745
13308,S,53386746
13308,S,53386747
13308,S,53386748
13308,S,53386749
13308,S,53386756
13308,S,53386757
13308,S,53386758
13308,S,53386759
13308,S,53386768
13308,S,53386769
13308,S,53394080
13308,S,53394081
13308,S,53394082
13308,S,53394090
13308,S,53394091
13308,S,53394092
13308,S,53394093
13308,S,53395000
13308,S,53395001
13308,S,53395002
13308,S,53395003
13308,S,53395010
13308,S,53395011
13308,S,53395012
13308,S,53395013
13308,S,53395014
13308,S,53395015
13308,S,53395020
13308,S,53395021
13308,S,53395022
13308,S,53395023
13308,S,53395024
13308,S,53395025
13308,S,53395026
13308,S,53395027
13308,S,53395028
13308,S,53395029
13308,S,53395030
13308,S,53395031
13308,S,53395032
13308,S,53395033
13308,S,53395034
13308,S,53395035
13308,S,53395036
13308,S,53395037
13308,S,53395038
13308,S,53395039
13308,S,53395040
13308,S,53395041
13308,S,53395042
13308,S,53395043
13308,S,53395044
13308,S,53395045
13308,S,53395046
13308,S,53395047
13308,S,53395048
13308,S,53395049
13308,S,53395050
13308,S,53395051
13308,S,53395052
13308,S,53395053
13308,S,53395054
13308,S,53395055
13308,S,53395056
13308,S,53395057
13308,S,53395058
13308,S,53395059
13308,S,53395060
13308,S,53395061
13308,S,53395062
13308,S,53395063
13308,S,53395064
13308,S,53395065
13308,S,53395066
13308,S,53395067
13308,S,53395068
13308,S,53395069
13308,S,53395070
13308,S,53395071
13308,S,53395072
13308,S,53395073
13308,S,53395074
13308,S,53395075
13308,S,53395076
13308,S,53395077
13308,S,53395078
13308,S,53395079
13308,S,53395080
13308,S,53395081
13308,S,53395082
13308,S,53395083
13308,S,53395084
13308,S,53395085
13308,S,53395086
13308,S,53395087
13308,S,53395088
13308,S,53395089
13308,S,53395090
13308,S,53395091
13308,S,53395092
13308,S,53395093
13308,S,53395094
13308,S,53395095
13308,S,53395096
13308,S,53395097
13308,S,53395098
13308,S,53395099
13308,S,53395110
13308,S,53395120
13308,S,53395121
13308,S,53395130
13308,S,53395131
13308,S,53395140
13308,S,53395141
13308,S,53395150
13308,S,53395151
13308,S,53395152
13308,S,53395160
13308,S,53395161
13308,S,53395162
13308,S,53395163
13308,S,53395164
13308,S,53395170
13308,S,53395171
13308,S,53395172
13308,S,53395173
13308,S,53395174
13308,S,53395180
13308,S,53395181
13308,S,53395182
13308,S,53395183
13308,S,53395184
13308,S,53395190
13308,S,53395191
13308,S,53395192
13308,S,53395193
13308,S,53395194
13308,S,53396000
13308,S,53396001
13308,S,53396002
13308,S,53396003
13308,S,53396004
13308,S,53396005
13308,S,53396006
13308,S,53396007
13308,S,53396008
13308,S,53396009
13308,S,53396010
13308,S,53396011
13308,S,53396012
13308,S,53396013
13308,S,53396014
13308,S,53396015
13308,S,53396016
13308,S,53396017
13308,S,53396018
13308,S,53396019
13308,S,53396020
13308,S,53396021
13308,S,53396022
13308,S,53396023
13308,S,53396024
13308,S,53396025
13308,S,53396026
13308,S,53396027
13308,S,53396028
13308,S,53396029
13308,S,53396030
13308,S,53396031
13308,S,53396032
13308,S,53396033
13308,S,53396034
13308,S,53396035
13308,S,53396036
13308,S,53396037
13308,S,53396038
13308,S,53396039
13308,S,53396040
13308,S,53396041
13308,S,53396042
13308,S,53396043
13308,S,53396044
13308,S,53396045
13308,S,53396046
13308,S,53396047
13308,S,53396048
13308,S,53396050
13308,S,53396051
13308,S,53396052
13308,S,53396053
13308,S,53396054
13308,S,53396056
13308,S,53396060
13308,S,53396061
13308,S,53396062
13308,S,53396063
13308,S,53396070
13308,S,53396071
13308,S,53396072
13308,S,53396100
13308,S,53396101
13308,S,53396102
13308,S,53396103
13308,S,53396104
13308,S,53396110
13308,S,53396111
13308,S,53396112
13308,S,53396113
13308,S,53396120
13308,S,53396121
13308,S,53396122
13308,S,53396123
13308,S,53396130
13308,S,53396131
13308,S,53396132
13361,哇x哇,52390239
13361,哇x哇,52390248
13361,哇x哇,52390249
13361,哇x哇,52390258
13361,哇x哇,52390259
13361,哇x哇,52390268
13361,哇x哇,52390269
13361,哇x哇,52390278
13361,哇x哇,52390279
13361,哇x哇,52390288
13361,哇x哇,52390289
13361,哇x哇,52390298
13361,哇x哇,52390299
13361,哇x哇,52390312
13361,哇x哇,52390313
13361,哇x哇,52390314
13361,哇x哇,52390315
13361,哇x哇,52390320
13361,哇x哇,52390321
13361,哇x哇,52390322
13361,哇x哇,52390323
13361,哇x哇,52390324
13361,哇x哇,52390325
13361,哇x哇,52390330
13361,哇x哇,52390331
13361,哇x哇,52390332
13361,哇x哇,52390333
13361,哇x哇,52390334
13361,哇x哇,52390335
13361,哇x哇,52390336
13361,哇x哇,52390340
13361,哇x哇,52390341
13361,哇x哇,52390342
13361,哇x哇,52390343
13361,哇x哇,52390344
13361,哇x哇,52390345
13361,哇x哇,52390350
13361,哇x哇,52390351
13361,哇x哇,52390352
13361,哇x哇,52390353
13361,哇x哇,52390354
13361,哇x哇,52390355
13361,哇x哇,52390360
13361,哇x哇,52390361
13361,哇x哇,52390362
13361,哇x哇,52390363
13361,哇x哇,52390364
13361,哇x哇,52390365
13361,哇x哇,52390370
13361,哇x哇,52390371
13361,哇x哇,52390372
13361,哇x哇,52390373
13361,哇x哇,52390374
13361,哇x哇,52390375
13361,哇x哇,52390380
13361,哇x哇,52390381
13361,哇x哇,52390382
13361,哇x哇,52390383
13361,哇x哇,52390384
13361,哇x哇,52390385
13361,哇x哇,52390390
13361,哇x哇,52390391
13361,哇x哇,52390392
13361,哇x哇,52390393
13361,哇x哇,52390394
13361,哇x哇,52390395
13361,哇x哇,52391207
13361,哇x哇,52391208
13361,哇x哇,52391209
13361,哇x哇,52391217
13361,哇x哇,52391218
13361,哇x哇,52391219
13361,哇x哇,52391227
13361,哇x哇,52391228
13361,哇x哇,52391229
13361,哇x哇,52391237
13361,哇x哇,52391238
13361,哇x哇,52391239
13361,哇x哇,52391248
13361,哇x哇,52391249
13361,哇x哇,52391258
13361,哇x哇,52391259
13361,哇x哇,52391300
13361,哇x哇,52391301
13361,哇x哇,52391302
13361,哇x哇,52391303
13361,哇x哇,52391304
13361,哇x哇,52391305
13361,哇x哇,52391310
13361,哇x哇,52391311
13361,哇x哇,52391312
13361,哇x哇,52391313
13361,哇x哇,52391314
13361,哇x哇,52391315
13361,哇x哇,52391320
13361,哇x哇,52391321
13361,哇x哇,52391322
13361,哇x哇,52391323
13361,哇x哇,52391324
13361,哇x哇,52391330
13361,哇x哇,52391331
13361,哇x哇,52391332
13361,哇x哇,52391333
13361,哇x哇,52391334
13361,哇x哇,52391340
13361,哇x哇,52391341
13361,哇x哇,52391342
13361,哇x哇,52391343
13361,哇x哇,52391350
13361,哇x哇,52391351
13362,哇x,51396211
13362,哇x,51396212
13362,哇x,51396221
13362,哇x,51396222
13362,哇x,51396223
13362,哇x,51396231
13362,哇x,51396232
13362,哇x,51396233
13362,哇x,51396242
13363,哇xV,51393175
13363,哇xV,51393176
13363,哇xV,51393177
13363,哇xV,51393185
13363,哇xV,51393186
13363,哇xV,51393187
13363,哇xV,51393188
13363,哇xV,51393195
13363,哇xV,51393196
13363,哇xV,51393197
13363,哇xV,51393198
13363,哇xV,51393282
13363,哇xV,51393291
13363,哇xV,51393292
13363,哇xV,51394106
13363,哇xV,51394107
13363,哇xV,51394119
13363,哇xV,51394129
13363,哇xV,51394138
13363,哇xV,51394139
13363,哇xV,51394147
13363,哇xV,51394148
13363,哇xV,51394149
13363,哇xV,51394157
13363,哇xV,51394158
13363,哇xV,51394200
13363,哇xV,51394201
13363,哇xV,51394210
13363,哇xV,51394211
13363,哇xV,51394212
13363,哇xV,51394220
13363,哇xV,51394221
13363,哇xV,51394222
13363,哇xV,51394230
13363,哇xV,51394231
13363,哇xV,51394232
13363,哇xV,51394240
13363,哇xV,51394241
13363,哇xV,51394242
13363,哇xV,51394250
13363,哇xV,51394251
13363,哇xV,51394252
13363,哇xV,51394260
13363,哇xV,51394261
13363,哇xV,51394262
13363,哇xV,51394270
13363,哇xV,51394271
13363,哇xV,51394272
13363,哇xV,51394280
13363,哇xV,51394281
13363,哇xV,51394282
13363,哇xV,51394283
13363,哇xV,51394291
13363,哇xV,51394292
13363,哇xV,51394293
13363,哇xV,51395201
13363,哇xV,51395202
13363,哇xV,51395203
13363,哇xV,51395212
13363,哇xV,51395213
13363,哇xV,51395263
13363,哇xV,51395264
13363,哇xV,51395272
13363,哇xV,51395273
13364,哇x_Ó,50387635
13364,哇x_Ó,50387636
13364,哇x_Ó,50387645
13364,哇x_Ó,50387646
13364,哇x_Ó,50387656
13364,哇x_Ó,50387657
13364,哇x_Ó,51392015
13364,哇x_Ó,51392025
13364,哇x_Ó,51392026
13364,哇x_Ó,51392029
13364,哇x_Ó,51392039
13364,哇x_Ó,51392120
13364,哇x_Ó,51392121
13364,哇x_Ó,51392130
13364,哇x_Ó,51392131
13364,哇x_Ó,51392132
13364,哇x_Ó,51392140
13364,哇x_Ó,51392141
13364,哇x_Ó,51392142
13364,哇x_Ó,51392143
13364,哇x_Ó,51392144
13364,哇x_Ó,51392145
13364,哇x_Ó,51392150
13364,哇x_Ó,51392151
13364,哇x_Ó,51392152
13364,哇x_Ó,51392153
13364,哇x_Ó,51392154
13364,哇x_Ó,51392155
13364,哇x_Ó,51392160
13364,哇x_Ó,51392161
13364,哇x_Ó,51392162
13364,哇x_Ó,51392163
13364,哇x_Ó,51392164
13364,哇x_Ó,51392170
13364,哇x_Ó,51392171
13364,哇x_Ó,51392172
13364,哇x_Ó,51392173
13364,哇x_Ó,51392180
13364,哇x_Ó,51392181
13364,哇x_Ó,51392182
13364,哇x_Ó,51392183
13364,哇x_Ó,51392190
13364,哇x_Ó,51392191
13381,OxO,51390359
13381,OxO,51390368
13381,OxO,51390369
13381,OxO,51390378
13381,OxO,51390379
13381,OxO,51390387
13381,OxO,51390388
13381,OxO,51390389
13381,OxO,51390397
13381,OxO,51390398
13381,OxO,51390399
13381,OxO,51390450
13381,OxO,51390451
13381,OxO,51390452
13381,OxO,51390460
13381,OxO,51390461
13381,OxO,51390462
13381,OxO,51390463
13381,OxO,51390470
13381,OxO,51390471
13381,OxO,51390472
13381,OxO,51390473
13381,OxO,51390474
13381,OxO,51390480
13381,OxO,51390481
13381,OxO,51390482
13381,OxO,51390483
13381,OxO,51390484
13381,OxO,51390485
13381,OxO,51390490
13381,OxO,51390491
13381,OxO,51390492
13381,OxO,51390493
13381,OxO,51390494
13381,OxO,51390495
13381,OxO,51391308
13381,OxO,51391309
13381,OxO,51391318
13381,OxO,51391319
13381,OxO,51391329
13381,OxO,51391339
13381,OxO,51391349
13381,OxO,51391400
13381,OxO,51391401
13381,OxO,51391402
13381,OxO,51391403
13381,OxO,51391404
13381,OxO,51391405
13381,OxO,51391410
13381,OxO,51391411
13381,OxO,51391412
13381,OxO,51391413
13381,OxO,51391414
13381,OxO,51391415
13381,OxO,51391420
13381,OxO,51391421
13381,OxO,51391422
13381,OxO,51391423
13381,OxO,51391424
13381,OxO,51391425
13381,OxO,51391430
13381,OxO,51391431
13381,OxO,51391432
13381,OxO,51391433
13381,OxO,51391434
13381,OxO,51391440
13381,OxO,51391441
13381,OxO,51391442
13381,OxO,51391443
13381,OxO,51391444
13381,OxO,51391452
13382,Ox䑠,50396426
13382,Ox䑠,50396427
13382,Ox䑠,50396428
13382,Ox䑠,50396429
13382,Ox䑠,50396436
13382,Ox䑠,50396437
13382,Ox䑠,50396438
13382,Ox䑠,50396439
13382,Ox䑠,50396446
13382,Ox䑠,50396447
13382,Ox䑠,50396448
13382,Ox䑠,50396449
13382,Ox䑠,50396456
13382,Ox䑠,50396457
13382,Ox䑠,50396458
13382,Ox䑠,50396459
13382,Ox䑠,50396466
13382,Ox䑠,50396467
13382,Ox䑠,50396468
13382,Ox䑠,50396469
13382,Ox䑠,50396476
13382,Ox䑠,50396477
13382,Ox䑠,50396478
13382,Ox䑠,50396479
13382,Ox䑠,50396487
13382,Ox䑠,50396488
13382,Ox䑠,50396520
13382,Ox䑠,50396530
13382,Ox䑠,50396540
13382,Ox䑠,50396550
13382,Ox䑠,50396560
13401,x䒬,49394656
13401,x䒬,49394664
13401,x䒬,49394665
13401,x䒬,49394666
13401,x䒬,49394673
13401,x䒬,49394674
13401,x䒬,49394675
13401,x䒬,49394676
13401,x䒬,49394682
13401,x䒬,49394683
13401,x䒬,49394684
13401,x䒬,49394685
13401,x䒬,49394686
13401,x䒬,49394687
13401,x䒬,49394692
13401,x䒬,49394693
13401,x䒬,49394694
13401,x䒬,49394695
13401,x䒬,49394696
13401,x䒬,49394697
13401,x䒬,49394698
13401,x䒬,49395534
13401,x䒬,49395535
13401,x䒬,49395536
13401,x䒬,49395539
13401,x䒬,49395544
13401,x䒬,49395545
13401,x䒬,49395546
13401,x䒬,49395549
13401,x䒬,49395553
13401,x䒬,49395554
13401,x䒬,49395555
13401,x䒬,49395559
13401,x䒬,49395564
13401,x䒬,49395565
13401,x䒬,49395569
13401,x䒬,49395579
13401,x䒬,49395589
13401,x䒬,49395602
13401,x䒬,49395603
13401,x䒬,49395604
13401,x䒬,49395605
13401,x䒬,49395606
13401,x䒬,49395607
13401,x䒬,49395608
13401,x䒬,49395611
13401,x䒬,49395612
13401,x䒬,49395613
13401,x䒬,49395614
13401,x䒬,49395615
13401,x䒬,49395616
13401,x䒬,49395617
13401,x䒬,49395618
13401,x䒬,49395620
13401,x䒬,49395621
13401,x䒬,49395622
13401,x䒬,49395623
13401,x䒬,49395624
13401,x䒬,49395625
13401,x䒬,49395626
13401,x䒬,49395627
13401,x䒬,49395628
13401,x䒬,49395630
13401,x䒬,49395631
13401,x䒬,49395632
13401,x䒬,49395633
13401,x䒬,49395634
13401,x䒬,49395635
13401,x䒬,49395636
13401,x䒬,49395637
13401,x䒬,49395640
13401,x䒬,49395641
13401,x䒬,49395642
13401,x䒬,49395643
13401,x䒬,49395644
13401,x䒬,49395645
13401,x䒬,49395646
13401,x䒬,49395647
13401,x䒬,49395650
13401,x䒬,49395651
13401,x䒬,49395652
13401,x䒬,49395653
13401,x䒬,49395654
13401,x䒬,49395655
13401,x䒬,49395660
13401,x䒬,49395661
13401,x䒬,49395662
13401,x䒬,49395663
13401,x䒬,49395670
13401,x䒬,49395671
13401,x䒬,49395672
13401,x䒬,49395673
13401,x䒬,49395680
13401,x䒬,49395681
13401,x䒬,49395682
13401,x䒬,49395690
13401,x䒬,49395691
13402,x,44405257
13402,x,45405263
13402,x,45405264
13402,x,45405272
13402,x,45405273
13402,x,45405274
13402,x,45405275
13402,x,45405282
13402,x,45405283
13402,x,45405284
13402,x,45405285
13402,x,45405293
13402,x,45405294
13402,x,47396763
13402,x,47401023
13402,x,47401024
13402,x,47401033
13402,x,47401034
13402,x,48395630
13402,x,48395631
13402,x,48395632
13402,x,48395640
13402,x,48395641
13402,x,48395642
13402,x,48395650
13402,x,48395651
13402,x,48395652
13402,x,48395660
13402,x,48395661
13421,}x},30365015
13421,}x},36412366
13421,}x},36412376
13421,}x},36412377
13421,}x},36412386
13421,}x},36412387
13421,}x},36412396
13421,}x},36412397
13421,}x},36533747
13421,}x},36533748
13421,}x},36533757
13421,}x},36533758
13421,}x},36533768
13421,}x},37410292
13421,}x},37410293
13421,}x},37411202
13421,}x},37411203
13421,}x},37411204
13421,}x},37411213
13421,}x},37411214
13421,}x},37411215
13421,}x},37411223
13421,}x},37411224
13421,}x},37411225
13421,}x},37411226
13421,}x},37411227
13421,}x},37411233
13421,}x},37411234
13421,}x},37411235
13421,}x},37411236
13421,}x},37411237
13421,}x},37411242
13421,}x},37411243
13421,}x},37411244
13421,}x},37411245
13421,}x},37411246
13421,}x},37411247
13421,}x},37411252
13421,}x},37411253
13421,}x},37411254
13421,}x},37411255
13421,}x},37411256
13421,}x},37411257
13421,}x},37411262
13421,}x},37411263
13421,}x},37411264
13421,}x},37411265
13421,}x},37411266
13421,}x},37411267
13421,}x},37411275
13421,}x},37411276
13421,}x},37411330
13421,}x},38411201
13421,}x},38411202
13421,}x},38411203
13421,}x},38411211
13421,}x},38411212
13421,}x},38411213
13421,}x},38411221
13421,}x},38411222
13421,}x},38411223
13421,}x},38411231
13421,}x},38411232
13421,}x},38411233
13421,}x},39426142
13421,}x},39426151
13421,}x},39426152
13421,}x},39426162
13421,}x},39426166
13421,}x},39426167
13421,}x},39426172
13421,}x},39426173
13421,}x},39426176
13421,}x},39426177
13421,}x},39426178
13421,}x},39426188
13421,}x},39426189
13421,}x},39426191
13421,}x},39426192
13421,}x},39426198
13421,}x},39427019
13421,}x},39427029
13421,}x},39427101
13421,}x},39427102
13421,}x},39427103
13421,}x},39427110
13421,}x},39427113
13421,}x},39427114
13421,}x},39427120
13421,}x},39427123
13421,}x},39427124
13421,}x},39427130
13421,}x},39427133
13421,}x},39427134
13421,}x},39427143
13421,}x},39427144
13421,}x},39427152
13421,}x},39427153
13421,}x},39427154
13421,}x},39427162
13421,}x},39427163
13421,}x},39427164
13421,}x},39427171
13421,}x},39427172
13421,}x},39427173
13421,}x},39427181
13421,}x},39427182
13421,}x},39427183
13421,}x},39427184
13421,}x},39427185
13421,}x},39427191
13421,}x},39427192
13421,}x},39427193
13421,}x},39427194
13421,}x},39427195
13421,}x},40406699
13421,}x},40406790
13421,}x},40407609
13421,}x},40407700
13421,}x},40420049
13421,}x},40420059
13421,}x},40420069
13421,}x},40420101
13421,}x},40420102
13421,}x},40420103
13421,}x},40420110
13421,}x},40420111
13421,}x},40420112
13421,}x},40420113
13421,}x},40420120
13421,}x},40420121
13421,}x},40420122
13421,}x},40420123
13421,}x},40420130
13421,}x},40420131
13421,}x},40420132
13421,}x},40420140
13421,}x},40420141
13421,}x},40420142
13421,}x},40420143
13421,}x},40420150
13421,}x},40420151
13421,}x},40420152
13421,}x},40424133
13421,}x},40424134
13421,}x},40424143
13421,}x},40424144
13421,}x},40424145
13421,}x},40424146
13421,}x},40424147
13421,}x},40424148
13421,}x},40424153
13421,}x},40424154
13421,}x},40424155
13421,}x},40424156
13421,}x},40424157
13421,}x},40424158
13421,}x},40424159
13421,}x},40424164
13421,}x},40424165
13421,}x},40424166
13421,}x},40424167
13421,}x},40424168
13421,}x},40424169
13421,}x},40424174
13421,}x},40424175
13421,}x},40424176
13421,}x},40424177
13421,}x},40424178
13421,}x},40424184
13421,}x},40424185
13421,}x},40424186
13421,}x},40424187
13421,}x},40424188
13421,}x},40424194
13421,}x},40424195
13421,}x},40424196
13421,}x},40424197
13421,}x},40424198
13421,}x},40425104
13421,}x},40425105
13421,}x},40425106
13421,}x},40425107
13421,}x},40425108
13421,}x},40425109
13421,}x},40425114
13421,}x},40425115
13421,}x},40425116
13421,}x},40425117
13421,}x},40425119
13421,}x},40425122
13421,}x},40425124
13421,}x},40425125
13421,}x},40425126
13421,}x},40425127
13421,}x},40425132
13421,}x},40425133
13421,}x},40425134
13421,}x},40425135
13421,}x},40425136
13421,}x},40425137
13421,}x},40425138
13421,}x},40425142
13421,}x},40425143
13421,}x},40425144
13421,}x},40425145
13421,}x},40425146
13421,}x},40425147
13421,}x},40425148
13421,}x},40425154
13421,}x},40425155
13421,}x},40425156
13421,}x},40425157
13421,}x},40425165
13421,}x},40425166
13421,}x},40425167
13421,}x},40425174
13421,}x},40425175
13421,}x},40425184
13421,}x},40425185
13421,}x},40425194
13421,}x},40425195
13421,}x},40425196
13421,}x},40426104
13421,}x},40426105
13421,}x},40426106
13421,}x},40426114
13421,}x},40426115
13421,}x},40426116
13421,}x},40426124
13421,}x},40426125
13421,}x},40426126
13421,}x},40426135
13421,}x},41421186
13421,}x},41421187
13421,}x},41421196
13421,}x},41421197
13421,}x},41422106
13421,}x},41422107
13421,}x},41423143
13421,}x},41423144
13421,}x},41423145
13421,}x},41423153
13421,}x},41423154
13421,}x},41423163
13421,}x},41423164
13421,}x},41423182
13421,}x},41423192
13421,}x},41424019
13421,}x},41424029
13421,}x},41424058
13421,}x},41424059
13421,}x},41424067
13421,}x},41424068
13421,}x},41424069
13421,}x},41424079
13421,}x},41424100
13421,}x},41424101
13421,}x},41424102
13421,}x},41424110
13421,}x},41424111
13421,}x},41424120
13421,}x},41424121
13421,}x},41424132
13421,}x},41424150
13421,}x},41424160
